Téléphones portables, 1
smartphones, 1
Téléphones android, 1
iPhone, 1
Téléphone basique, 1
Ipad, 2
Tablettes tactiles, 2
Tablettes android, 2
Accessoires de tablette, 3
accessoires téléphone, 3
Ecouteurs Bluetooth, 3
Montres connectées, 3
Câbles, 3
souris, 3
claviers, 3
Powerbanks, 3
Accessoires automobiles, 3
Protections d'écran, 3
Coques, 3
housses, 3
étuis, 3
téléphones fixes, 4
Cartes mémoire, 4
Téléphone sans fil, 4
téléphones filaires, 4
volP, 4
"TV,vidéo & home cinéma", 5
accessoires high tech, 5
TV, 5
Télévision, 5
Supports muraux, 5
Box & récepteurs, 5
Connectiques TV, 5
Antennes, 5
Paraboles, 5
Ecrans de projection, 5
Convertisseurs, 5
Casques Audio, 6
Ecouteurs, 6
audio & hifi, 6
Casques Audio & ecouteurs, 6
Audio portable, 6
Haut-parleurs, 6
Composants, 6
Accessoires Image & son, 6
Accessoires TV, 7
accessoires high tech, 7
Protection éléctrique, 7
Microphones, 7
Accessoires système GPS, 7
Accessoires Photo, 5
Batteries, 5
Chargeurs, 5
Gadgets divers, 5
Caméras et vidéo, 5
caméras & accessoires, 5
Projecteurs, 5
Jumelles & lunettes, 5
Appareil photo, 5
Appareils photo, 5
Appareils photo numérique, 5
Appareils photo compacts, 5
Appareils photo reflex numériques, 5
Appareils photo reflex, 5
Appareils photo enfants, 5
Imprimantes photo, 5
Trépieds & monopodes, 5
Flashs é Stroboscopes, 5
Equipements de studio, 5
Albums & cadres, 5
electroniques de bureau, 9
Scanners de codes à barres, 9
imprimantes de réception, 9
Imprimantes de caisses, 9
Vidéo surveillance, 8
Sécurité & surveillance, 8
surveillance, 8
Sécurité, 8
sécurité extérieur, 8
moniteur, 8
cuisine sécurité, 8
biométrie, 8
systèmes de sécurité à domicile, 8
cornes & sirènes, 8
détecteurs de mouvement, 8
capteurs de sécurité, 8
vidéossurveillance, 8
caméras bullet, 8
caméras dôme, 8
caméras cachées, 8
caméras simulées, 8
équipement vidéo de surveillance, 8
radios et émetteurs-récepteurs, 10
Radios, 10
Talkie Walkie, 10
accessoires radio CB & Ham, 10
émetteurs-récepteurs basse puissance spécifiés, 10
ordinateurs & imprimantes, 11
pcs portables 2 en 1, 11
pcs portables, 11
pcs portables gamer, 11
gaming sur pc, 11
ecrans et moniteurs, 11
claviers gaming, 11
souris gaming, 11
casques gaming, 11
manettes, 11
contrôleurs, 11
Jeux Vidéo - Moniteurs & Écrans Pc Gamer, 11
mini pcs, 11
Ordinateur de bureau, 11
Ordinateur portable traditionnels, 11
accessoires pour ordinateur, 11
batteries d'ordinateur, 11
skins & stickers, 11
chargeurs et Adaptateurs, 11
sac & housses ordinateur, 11
montage, 11
boîtier, 11
cartes mères, 11
processeurs CPU, 11
RAM, 11
cartes graphiques GPU, 11
disques durs, 11
refroidisseur pc, 11
réseau & connexion, 11
cartes son, 11
accessoires pc, 12
Claviers d'ordinateur, 12
Souris d'ordinateur, 12
combo clavier et souris, 12
accessoires pour clavier & souris, 12
Matériels de jeu gamer, 12
Outils carte mémoire, 12
Adaptateurs de Câbles, 12
Câbles et interconnexions, 12
Accessoires pour Hdd, 12
Accessoires Projecteurs, 12
Networking, 12
Ecran pc, 12
Ecran pc moins 19", 12
Ecran pc 22" à 24", 12
Ecran pc plus de 24", 12
composants pc, 12
Lecteurs optique externe, 12
cartes son externes, 12
ventilateurs & refroidissement, 12
cartes graphiques, 12
disques durs internes, 12
disques durs ssd, 12
Réseaux, 12
Modems, 12
Routeurs, 12
Répéteurs, 12
Gros électromenager & bricolage, 13
réfrigérateurs, 13
congélateurs, 13
hottes de cuisinière, 13
lave-vaisselle, 13
machine à laver, 13
aspirateur, 13
cuisinière, 13
Robinets de cuisine, 13
plaque de cuisson, 13
fours encastrable, 13
maison, 14
Air fryer, 14
machine à café, 14
mixeurs, 14
batteur, 14
mixeur & batteurs, 14
blenders, 14
pétrins, 14
panini, 14
toaster, 14
cuiseur vapeur, 14
gril de contact, 14
micro-onde, 14
micro-onde encastrable, 14
bouilloire, 14
presse-agrumes, 14
grills, 14
raclette, 14
poêle électrique, 14
centrifugeuse, 14
climatiseur, 14
ventilateur, 14
déshumidificateur, 14
humidificateur d'air, 14
chauffage, 14
matelas, 14
literie, 14
linge, 14
salle de bain, 14
meubles, 14
décoration, 14
luminaire, 14
éclairage, 14
entretien, 14
fers à repasser, 14
rangement, 14
organisation, 14
articles pour événements et fêtes, 14
fournitures de nettoyage, 14
"art,artisanat et couture", 15
art et bricolage, 15
peinture, 15
couture, 15
dessin, 15
fourniture d'art, 15
perlage, 15
fabrication de bijoux, 15
décoration de tissu, 15
emballage de cadeau, 15
tricot et crochet, 15
travail d'aguille, 15
gravure, 15
écoration de fête, 15
cuisine, 14
casseroles, 14
poêle, 14
couverts, 14
plats, 14
ustensiles de cuisine, 14
Couteau, 14
thé, 14
expresso, 14
plat de cuisson, 14
stockage et organisation,14
fontaine d'eau, 14
filtre à eau, 14
bureau, 16
Fourniture scolaire, 16
mobilier de bureau, 16
matériel d'emballage, 16
fourniture éléctroniques, 16
papetrie & petites fournitures, 16
confort maison, 14
climatisation, 14
climatiseur, 14
ventilateur, 14
purification d'air, 14
glacière, 14
chauffe-eau à gaz, 14
chauffe-eau électrique, 14
Vêtements femme, 17
hoodies femme, 17
sweatshirts femme, 17
pulls femme, 17
cardigans, 17
gilets femme, 17
jeans femme, 17
manteaux femme, 17
vestes femme, 17
jupes, 17
robes, 17
mode femme, 17
combinaisons, 17
pantalons femme, 17
leggings, 17
pyjama & lingerie, 17
chaussettes et collants, 17
chaussures femme, 17
chaussures plates femme, 17
baskets femme, 17
escarpins femme, 17
chaussures à talons, 17
bottes, 17
bottines, 17
montres femme, 17
bijoux femme, 17
lunettes femme, 17
sacs à main, 17
accessoires femme, 17
bijoux femme, 17
sac à main, 17
mode homme, 18
Vêtements homme, 18
pulls homme, 18
gilet homme, 18
polos, 18
chemise homme, 18
pantalon homme, 18
veste homme, 18
manteau homme, 18
basket homme, 18
chaussures homme, 18
bottes homme, 18
bottines homme, 18
montres homme, 18
lunettes homme, 18
chapeaux homme, 18
casquettes homme, 18
ceintures homme, 18
bijoux homme, 18
mode enfants, 19
mode fille, 19
vêtements fille, 19
chaussures fille, 19
vêtement garçon, 19
chaussures garçon, 19
accessoires fille, 19
accessoires garçon, 19
bagage our enfants, 19
mode garçon, 19
bagage et sac de voyage, 20
valise, 20
sac à dos, 20
parapluie, 20
accessoires de voyage, 20
sac bandoulière, 20
beauté & parfums, 21
maquillage, 21
cheveux, 21
appareil de coiffure, 21
onglerie, 21
hygiène & soins personnels, 22
protection solaire, 22
déodorant femme, 22
déodorant homme, 22
bronzage, 22
épilation, 22
rasage femme, 22
rasage homme, 22
soins du visage, 22
dermocosmetics, 23
soin de peau, 23
hair treatment, 23
santé & premiers soins,24
masques médicaux, 24
matériels médicales, 24
medecine alternative, 24
traitements, 24
désinfectants, 24
hygiène féminine, 24
sprays désodorisant, 24
douches, 24
poudres féminine, 24
toilette intime, 24
protège-slips, 24
servièttes hygiènique, 24
soin bucco-dentaires, 25
brosse à dents, 25
bain de bouche, 25
fil dentaire, 25
pics, 25
dentifrice, 25
soins dentaires pour enfants, 25
bien-être & massage, 26
huile de massage, 26
massages éléctriques, 26
lotions de massage, 26
outils de massage, 26
équipements de massage, 26
nutrition sportive, 27
protéine, 27
brûleur de graisse, 27
supplément stacks, 27
acide aminés, 27
accessoires de sport, 27
sport & fitness, 28
musculation, 28
football, 28
exercice, 28
remise en forme, 28
sport d'équipe, 28
natation, 28
vêtement de sport, 28
shorts de sport, 28
leggings, 28
survêtement de sport homme, 28
survêtement de sport femme, 28
sports & loisirs, 29
loisirs en plein air, 29
chasse, 29
pêche, 29
hoverboards, 29
sport de loisir, 29
salle de jeux, 29
trotinettes , 29
camping, 29
randonnée, 29
sport nautique, 29
cyclisme, 29
vélos, 29
VTT, 29
VTC, 29
casques de vélo, 29
outils de vélo, 29
hitchonson, 30
weekwiki, 30
scoutyway, 30
nike, 30
adidas, 30
sony playstation, 31
console ps5, 31
jeux ps5, 31
ps4, 31
ps3, 31
accessoires ps5, 31
microsoft xbox, 32
xbox series, 32
xbox 360, 32
jeux xbox, 32
accessoires xbox, 32
nintendo, 33
nintendo switch, 33
consoles  nintendo switch, 33
jeux  nintendo switch, 33
accessoires nintendo switch, 33
"tv,vidéo & home cinéma", 34
télévision, 34
"tv 32", 34
"tv 40-50", 34
"tv 55-70"", 34
"tv 75", 34
rétro gaming, 35
colecovision, 35
nintendo nes, 35
intellivision, 35
sega game gear, 35
chambre de bébé, 36
bébé, 36
jouet, 36
literie bébé, 36
matelas bébé, 36
décor de crèche, 36
couche, 36
linge de lit bébé, 36
sac à langer, 36
nourriture pour bébé, 36
allaitement maternel, 36
biberon, 36
alimentation solide, 36
sucette, 36
literie parc bébé, 36
couettes bébé, 36
oreillers, 36
vêtements et accessoires, 37
vêtement bébé, 37
accessoires bébé, 37
chuassures bébé, 37
poussette & accessoires, 38
barrière, 38
poussette, 38
siège d'auto, 38
santé et soin bébé, 39
santé bébé, 39
soin bébé, 39
thermomètre, 39
dentifrice bébé, 39
aspirateurs nasaux, 39
bain et soin de peau, 40
servièttes, 40
soin de peau bébé, 40
grossesse, 41
maternité, 41
oreiller de maternité, 41
"eaux,boissons", 42
eau et boisson, 42
café, 42
thé, 42
cacao, 42
lait, 42
boisson gazeuse, 42
jus, 42
sirop, 42
épicerie salée, 43
chips, 43
aliments en conserve, 43
aliments en pot, 43
aliments emballés, 43
sauces, 43
condiments, 43
pâtes, 43
nouilles, 43
huiles, 43
riz, 43
féculents, 43
épices, 43
bouillons, 43
épicerie sucrée, 44
bonbon, 44
chocolat, 44
biscuit, 44
pâtisserie, 44
dessert, 44
sucre, 44
céréales, 44
margarine, 44
confiture, 44
miel, 44
tartinade, 44
fruit sec, 44
lessive, 45
eau de javel, 45
désodorisants, 45
vaisselle, 45
nettoyage, 45
papier & plastique, 45
article de toilette, 45
animaux, 46
chat, 46
oiseau, 46
chien, 46
poisson, 46