Home, 1
Home Appliances, 1
Water Filtration, 1
Mattresses, 2
Open Closets, 2
Headboards, 2
Dressers, 2
decoration,2
sofa, 2
Bed, 2
shelve, 2
table, 2
Furniture, 2
Waterproof Mattress Cover, 2
Memory Foam Mattress Topper, 2
Quilted Mattress Pad, 2
Fitted Sheet, 2
Bed Skirt, 2
Throw Pillows, 2
Floor Cushions, 2
Outdoor Seat Cushions, 2
Lumbar Pillows, 2
Decorative Cushion Covers, 2
Mattresses, 2
Open Closets, 2
Oven Mitts, 2
Bed Sheets, 2
Duvet Covers, 2
Pillows, 2
Blankets, 2
Bedspreads, 2
Cookware Sets, 3
Bakeware, 3
Kitchen Towels, 3
Utensil Set, 3
Cutting Boards, 3
Mixing Bowls, 3
knifes, 3
kitchen, 3
Coffee Pot, 3
Travel Mugs, 3
Thermos Flasks, 3
Ceramic Mugs, 3
Chef's Knife, 3
Cutting Board Set, 3
Cooking Utensils, 3
Measuring Cups and Spoons, 3
Robot Vacuum Cleaners, 4
Air Fryers, 4
Coffee Makers, 4
Blenders, 4
Electric Kettles, 4
Vacuum Cleaners, 4
Mops and Brooms, 4
Cleaning Cloths, 4
Trash Bags, 4
Air Fresheners, 4
Babies & Kids, 5
Stroller, 5
Diaper, 5
Diaper bag, 5
Carrier, 5
Baby monitor, 5
Kitchen Cabinet Storage, 6
Kitchen Faucets, 6
Kitchen Hardware, 6
Security & Protection, 6
Waterproof Wall, 6
Basket, 6
Automatic Irrigation, 6
Sashes, 6
Mosquito Nets, 6
Steps, 6
Sports Video, 7
Cameras, 7
Photo Studio Kits, 7
Camcorders, 7
Digital Cameras, 7
Body worn Camera, 7
Smartphones, 8
Laptop, 8
Wireless Earbuds, 8
Bluetooth Speakers, 8
headphones, 8
earphones, 8
Power Strips, 8
Phones, 8
Drawing Tablet, 8
Phones & Telecommunications, 8
Used Phones, 8
Rugged Smartphones, 8
Power Banks, 8
Mobile phone charger, 8
Holders & Stands, 8
Computer, 8
Drawing Tablet, 8
Consumer Electronics, 8
Pigment, 8
Toys & Games, 9
Magic tricks, 9
Craft Toys, 9
Handheld Game Players, 9
Video Game Consoles, 9
Game Deals, 9
Sports & Entertainment, 10
Running, 10
Cycling, 10
Racing, 10
Water Sports, 10
Gymnastics, 10
Cheerleading, 10
sunglasses, 11
Hair Extensions & Wigs, 11
Clip-In Extensions, 11
Crochet Hair, 11
Human Hair Extensions, 11
Hair Weaving, 11
Hair Bundles with Closure, 11
Jumbo braids, 11
Men's Clothing, 12
Leather Pants, 12
Pencil Pants, 12
Casual Pants, 12
Straight Pants, 12
Baggy Pants, 12
Accessories, 11
Silk Scarves, 13
Knitted Gloves, 13
Silk Scarves & Ribbons, 13
Solid Color Scarves, 13
Cashmere Wool Scarves, 13
Shoes, 14
Sneaker, 14
Canvas, 14
Women's Clothing, 15
Down Coats, 15
Wool & Blends Coats, 15
Beauty & Health, 16
Massage, 16
makeup, 16
brusher, 16
Moisturizers, 16
Makeup Brushes, 16
Lipsticks, 16
Facial Cleansers, 16
Sunscreen, 16
eye shadow, 16
Jewelry & Watches, 17
Watches for Men, 17
Watches for Women, 17
Gemstone Necklaces, 17
Bracelet Sets, 17
Personalized Jewelry, 17
Lace Bras, 18
Satin Robes, 18
Lounge Pants, 18
Silk Chemises, 18
Sleep Masks, 18
Lace Fabric, 19
Cotton Fabric, 19
Satin Fabric, 19
Velvet Fabric, 19
Sequin Fabric, 19
Bath Towels, 20
Hand Towels, 20
Beach Towels, 20
toothbrush, 20
Towel, 20
carpet, 20
Microfiber Towels, 20
Parkas, 21
Office, 21
Classifier, 21
Pens, 22
Education, 22
school bag, 22
pencil, 22
ruler, 22
Headboards, 22
Colors, 22
stick notes, 22
Notebooks, 22
Pens and Pencils, 22
Backpacks, 22
Lunch Boxes, 22
Scientific Calculators, 22
Pet Supplies, 22
Cat Doors, 22
school, 22
Dog Food, 23
Cat Litter, 23
Pet Toys, 23
Grooming Brushes, 23
Pet Beds, 23